id,nombre,correo,telefono,fecha_acceso,hora_entrada,area,empresa,motivo
1,Laura Méndez Ruiz,laura.mendez@correo.com,5512345678,2026-08-03,08:15,Obra norte,Constructora Alfa,Supervisión
2,Carlos Ibáñez,CARLOS.IBANEZ@CORREO.COM,55 9876 5432,03/08/2026,8:20,obra norte,Constructora Alfa,supervision
3,Ana Torres,ana.torres@correo.com,,2026-08-03,09:05,Oficina central,Diseño Beta,Entrega de planos
4,Laura Méndez Ruiz,laura.mendez@correo.com,5512345678,2026-08-03,08:15,Obra norte,Constructora Alfa,Supervisión
5,Pedro Salgado,pedro.salgado@correo,5511122233,2026-08-04,23:40,Sala de servidores,Soporte TI Gamma,Mantenimiento
6,Mariana Cruz,mariana.cruz@correo.com,5544455566,2026-08-04,10:00,Oficina central,,Entrevista
7,Jorge Luna,jorge.luna@correo.com,5577788899,2026-13-04,11:30,Obra sur,Constructora Alfa,Supervisión
8,ana torres,ana.torres@correo.com,5566677788,2026-08-05,09:10,Oficina central,Diseño Beta,Entrega de planos
9,Roberto Peña,roberto.pena@correo.com,5599900011,2026-08-05,02:15,Sala de servidores,Soporte TI Gamma,Mantenimiento
10,Sofía Herrera,sofia.herrera@correo.com,5522233344,2026-08-05,14:00,Obra norte,Constructora Alfa,Visita cliente
11,Emilia Tovar Beltrán,practica.accesos.2026.r11@correo.com,0000000011,2026-08-06,07:30,Obra norte,Constructora Alfa,Supervisión
12,Mateo Cedillo Rosales,practica.accesos.2026.r12@correo.com,0000000012,07/08/2026,10:15,Obra sur,Diseño Beta,Visita cliente
13,Renata Olvera Trejo,PRACTICA.ACCESOS.2026.R13@CORREO.COM,0000000013,2026-08-08,13:45,Oficina central,Soporte TI Gamma,Entrega de planos
14,Gael Armenta Solís,practica.accesos.2026.r14@correo.com,00 0000 0014,2026-08-09,17:20,Sala de servidores,Constructora Alfa,Mantenimiento
15,Ximena Varela Castañeda,practica.accesos.2026.r15@correo.com,0000000015,2026-08-10,07:30,OBRA NORTE,Diseño Beta,Supervisión
16,Diego Esquivel Tapia,practica.accesos.2026.r16@correo.com,,2026-08-11,10:15,Obra sur,Soporte TI Gamma,Visita cliente
17,Valeria Nájera Lozano,practica.accesos.2026.r17@correo.com,0000000017,12/08/2026,13:45,Oficina central,Constructora Alfa,Entrega de planos
18,Santiago Rangel Pineda,practica.accesos.2026.r18@correo.com,0000000018,2026-08-13,05:45,Sala de servidores,Diseño Beta,Mantenimiento
19,Camila Arriaga Duarte,practica.accesos.2026.r19@correo.com,0000000019,2026-08-32,07:30,Obra norte,Soporte TI Gamma,Supervisión
20,Emiliano Montiel Leal,practica.accesos.2026.r20@correo.com,0000000020,2026-08-15,10:15,Obra sur,Constructora Alfa,Visita cliente
21,Regina Zepeda Carrillo,practica.accesos.2026.r21@correo.com,0000000021,2026-08-16,13:45,Oficina central,Diseño Beta,Entrega de planos
22,Leonardo Galván Cordero,practica.accesos.2026.r22@correo.com,0000000022,2026-08-17,17:20,Sala de servidores,Soporte TI Gamma,Mantenimiento
23,Jimena Saucedo Padilla,practica.accesos.2026.r23,0000000023,2026-08-18,07:30,Obra norte,Constructora Alfa,Supervisión
24,Nicolás Figueroa Becerra,practica.accesos.2026.r24@correo.com,0000024,2026-08-19,10:15,Obra sur,Diseño Beta,Visita cliente
25,Daniela Terán Ocampo,practica.accesos.2026.r25@correo.com,0000000025,2026-08-20,13:45,oficina central,Soporte TI Gamma,Entrega de planos
26,Sebastián Villaseñor Meza,practica.accesos.2026.r26@correo.com,0000000026,2026-09-01,17:20,Sala de servidores,,Mantenimiento
27,Fernanda Amador Ríos,practica.accesos.2026.r27@correo.com,0000000027,02/09/2026,07:30,Obra norte,Diseño Beta,Supervisión
28,Rodrigo Ceniceros Bravo,practica.accesos.2026.r28@correo.com,0000000028,2026-09-03,22:30,Obra sur,Soporte TI Gamma,Visita cliente
29,Mariana Escamilla Nieto,practica.accesos.2026.r29@correo.com,0000000029,2026-09-04,13:45,Oficina central,Constructora Alfa,Entrega de planos
30,Andrés Villarreal Acosta,practica.accesos.2026.r30@correo.com,0000000030,2026-09-05,17:20,Sala de servidores,Diseño Beta,Mantenimiento
31,Paulina Montalvo Reyes,PRACTICA.ACCESOS.2026.R31@CORREO.COM,0000000031,2026-09-06,07:30,Obra norte,Soporte TI Gamma,Supervisión
32,Julián Salcedo Valdés,practica.accesos.2026.r32@correo.com,00 0000 0032,2026-09-07,10:15,Obra sur,Constructora Alfa,Visita cliente
33,Natalia Ordóñez Campos,practica.accesos.2026.r33@correo.com,0000000033,2026-09-08,13:45,Oficina Central,Diseño Beta,Entrega de planos
34,Adrián Barragán Ponce,practica.accesos.2026.r34@correo.com,,2026-09-09,17:20,Sala de servidores,Soporte TI Gamma,Mantenimiento
35,Luciana Castañón Vera,practica.accesos.2026.r35@correo.com,0000000035,2026-09-10,03:20,Obra norte,Constructora Alfa,Supervisión
36,Mauricio Venegas Ibarra,practica.accesos.2026.r36@correo.com,0000000036,2026-09-11,10:15,Obra sur,Diseño Beta,Visita cliente
37,Abril Santillán Rocha,practica.accesos.2026.r37@correo.com,0000000037,2026-09-12,13:45,Oficina central,Soporte TI Gamma,Entrega de planos
38,Iván Alvarado Téllez,practica.accesos.2026.r38@correo.com,0000000038,2026-09-13,17:20,Sala de servidores,Constructora Alfa,Mantenimiento
11,Emilia Tovar Beltrán,practica.accesos.2026.r11@correo.com,0000000011,2026-08-06,07:30,Obra norte,Constructora Alfa,Supervisión
20,Emiliano Montiel Leal,practica.accesos.2026.r20@correo.com,0000000020,2026-08-15,10:15,Obra sur,Constructora Alfa,Visita cliente
